Price,Prodct Name,last_name,email,gender,ip_address
1,Jeffy,Alkin,jalkin0@networksolutions.com,Genderqueer,93.236.220.82
2,Nananne,Braycotton,nbraycotton1@w3.org,Bigender,215.86.145.229
3,Burt,Kerridge,bkerridge2@nydailynews.com,Genderfluid,199.95.87.119
4,Norina,Maughan,nmaughan3@google.ru,Male,150.161.87.222
5,Rodolph,Houlworth,rhoulworth4@mozilla.com,Bigender,153.126.111.254
6,Marsha,McGrane,mmcgrane5@twitpic.com,Male,87.107.28.245
7,Reeba,Miller,rmiller6@army.mil,Male,10.72.161.48
8,Enrico,Doerffer,edoerffer7@shutterfly.com,Agender,115.5.2.215
9,Olenka,Oliva,ooliva8@mapy.cz,Non-binary,145.168.46.159
10,Gwenny,Minmagh,gminmagh9@last.fm,Male,16.100.181.164
11,Carissa,Silburn,csilburna@thetimes.co.uk,Agender,135.18.206.7
12,Haydon,Appleyard,happleyardb@eepurl.com,Genderfluid,211.135.12.37
13,Harrie,Barribal,hbarribalc@cam.ac.uk,Female,172.182.120.14
14,Lise,Coltan,lcoltand@uol.com.br,Non-binary,48.44.250.248
15,Patten,Grishelyov,pgrishelyove@newsvine.com,Polygender,242.139.172.189
16,Cloe,Kerner,ckernerf@feedburner.com,Polygender,16.76.12.66
17,Baudoin,Benedetti,bbenedettig@e-recht24.de,Genderqueer,96.215.109.246
18,Cate,Cruces,ccrucesh@harvard.edu,Genderfluid,204.224.58.245
19,Marleah,Walkden,mwalkdeni@uol.com.br,Non-binary,80.86.18.55
20,Nestor,Ellett,nellettj@columbia.edu,Male,30.122.10.163
21,Barnaby,Twopenny,btwopennyk@nasa.gov,Bigender,35.216.129.143
22,Adora,Houseley,ahouseleyl@wired.com,Female,165.122.116.182
23,Othella,Hiscocks,ohiscocksm@addtoany.com,Genderqueer,210.109.50.250
24,Henry,Volant,hvolantn@newyorker.com,Female,177.44.238.227
25,Vernon,Fiddian,vfiddiano@ameblo.jp,Genderfluid,151.238.25.88
26,Meggi,Darnborough,mdarnboroughp@tripod.com,Genderfluid,129.65.93.54
27,Durante,Howsam,dhowsamq@gizmodo.com,Non-binary,50.129.68.232
28,Rayshell,Mattys,rmattysr@amazon.com,Polygender,135.223.129.105
29,Avril,Hatfield,ahatfields@geocities.jp,Genderfluid,218.42.215.65
30,Cherish,Voller,cvollert@admin.ch,Polygender,110.23.39.135
31,Ambur,Martignon,amartignonu@nyu.edu,Male,75.239.129.198
32,Bronny,Extence,bextencev@free.fr,Bigender,250.79.196.209
33,Hadria,Etty,hettyw@dailymail.co.uk,Female,56.225.129.165
34,Ad,Scotson,ascotsonx@sciencedirect.com,Bigender,250.147.215.225
35,Brigg,Bexley,bbexleyy@msn.com,Genderqueer,247.13.85.135
36,Ezri,Briar,ebriarz@army.mil,Genderfluid,58.125.30.13
37,Torrey,D'Alesio,tdalesio10@rediff.com,Bigender,80.229.111.231
38,Mela,Emanuelli,memanuelli11@google.ru,Polygender,86.225.45.135
39,Edward,Ravelus,eravelus12@slate.com,Non-binary,242.150.184.29
40,Coriss,Marcome,cmarcome13@blogs.com,Polygender,181.28.189.160
41,Antonella,McGahern,amcgahern14@auda.org.au,Genderfluid,105.235.137.15
42,Willi,Gillie,wgillie15@ow.ly,Agender,14.9.30.99
43,Maurise,Earie,mearie16@youtu.be,Agender,73.78.221.193
44,Evangelina,Pearch,epearch17@biblegateway.com,Bigender,250.115.30.123
45,Raye,Lamshead,rlamshead18@bravesites.com,Agender,101.250.216.78
46,Aile,Wardle,awardle19@creativecommons.org,Agender,56.249.112.19
47,Dionis,Futty,dfutty1a@ifeng.com,Genderqueer,22.229.255.203
48,Wallie,Loughlin,wloughlin1b@networksolutions.com,Female,248.174.8.245
49,Wallis,Bickle,wbickle1c@yelp.com,Genderfluid,156.97.2.118
50,Sianna,Routhorn,srouthorn1d@adobe.com,Female,27.22.48.60
